,Title,Year,Episodes,Author(s),Kdrama Rating,Kdrama Genres,Kdrama Tags,Kdrama Watchers,Kdrama Popularity,Kdrama Cast,Kdrama Synopsis,WE Creators,WE Genre,WE Rating,WE Views,WE Likes,WE Engagement,WE Subscribers,WE Popularity,WE Synopsis
0,Revelations,,,,,,,,,,,,,,,,,,,
1,Child Shopping,2025,8,,,,,,,,,,,,,,,,,
2,The Garden of Harmony,2025,16,,,,,,,,,,,,,,,,,
3,The Great Ok Sook,,,,,,,,,,,,,,,,,,,
4,Manager Kim,,,,,,,,,,,"Jeongjongtaek, Toy",action,9.75,33203991,2633073,0.079,449164,0.025,"Single father, company manager, and former black-ops member, Mr. Kim lived an ordinary life until his daughter, Minji, went missing. After discovering his daughter could be dead, Mr. Kim turns merciless and sets out for information. He will rescue his daughter by any means necessary, even if it means destroying everything and everyone standing in his path."
5,Forest of Humans,,,,,,,,,,,Junho Hwang,thriller,9.53,3183246,385905,0.121,124853,0.003,A secret experiment on serial killers conducted in the woods? What could possibly go wrong? Follow one young researcher's descent into madness and self-doubt as she attempts to escape a locked facility with ten bloodthirsty murderers. Will she make it out with her humanity intact?
6,The Fugitives,,,,,,,,,,,,,,,,,,,
7,Dear Actresses,,,,,,,,,,,,,,,,,,,
8,Straightforward to the God Farming,,,,,,,,,,,,,,,,,,,
9,The Villainess's Debut Novel,,,,,,,,,,,,,,,,,,,
10,1 Second,,,,,,,,,,,"kwang woon, sini",action,9.63,7453573,1091942,0.146,123223,0.006,Every second counts when you're a first responder. But what if you could see a glimpse into the future? Hosu is a firefighter with the supernatural ability to do just that. There’s just one catch. It only works when he feels extreme stress under pressure. Will knowing what will happen ahead of time help Hosu extinguish fires before they completely destroy homes and lives? And will he learn to wield his ability when he needs it most?
11,Get Back,,,,,,,,,,,,,,,,,,,
12,Spirit Fingers,0,12,,,,,,,,,"Han Kyoung Chal, han kyoung chal",drama,9.91,37479668,5724285,0.153,377645,0.03,"What do you do if you're going on 18, totally awkward and lacking in self- confidence? You could just sit in your room all day and all night and study and wonder why you never get asked outâ€¦OR, if you're Amy Song you could join up with the Spirit Fingers , the strangest, hippest, coolest (yet most welcoming) art club ever. But as Amy is about to learn, discovering your TRUE colors is about more than just painting."
13,Master of the Wind and Moon,,,,,,,,,,,,,,,,,,,
14,ImmortalDays,,,,,,,,,,,,,,,,,,,
15,Bastard,,,,,,,,,,,"Carnby Kim, Youngchan Hwang",thriller,9.87,150388974,8084807,0.054,1746388,0.108,There is a serial killer in my house!
16,Pleasant Outcast,0,10,,,,,,,,,,,,,,,,,
17,Heesu in Class 2,2025,10,,,,,,,,,,,,,,,,,
18,Vampire Chef,,,,,,,,,,,,,,,,,,,
19,Aquaman,0,12,,,,,,,,,,,,,,,,,
20,Dead Man's Letter,,,,,,,,,,,,,,,,,,,
21,Low Life,2025,10,,,,,,,,,,,,,,,,,
22,Study Group,2025,10,,,,,,,,,"Hyungwuk Shin, Seungyeon Ryu",action,9.74,57154965,4167964,0.073,914972,0.042,"Nicknamed the “school for future criminals,” Yusung Technical High School isn’t exactly the ideal place to study. A rarity among his peers, Gamin is a student with just one goal: to get into university. At a school where it’s every man for himself, he is rejected from countless study groups before he decides to form his own. When Hankyeong, Gamin’s former tutor, joins his high school in hopes of earning her teacher certification, it seems like they’re both reaching for the impossible. Can they defeat the odds and achieve their dreams?

"
23,Cashero,,,,,,,,,,,,,,,,,,,
24,Mercy for None,2025,8,,,,,,,,,,,,,,,,,
25,Taxi Driver Season 3,2025,16,,,,,,,,,,,,,,,,,
26,Friendly Rivalry,2025,16,,,,,,,,,,,,,,,,,
27,Karma,2025,6,,,,,,,,,,,,,,,,,
28,New Generation War: Reawakened,,,,,,,,,,,,,,,,,,,
29,My Dearest Nemesis,2025,12,,,,,,,,,,,,,,,,,
30,Weak Hero Class 2,2025,8,,,,,,,,,,,,,,,,,
31,One: High School Heroes,2025,8,,,,,,,,,,,,,,,,,
32,The Mermaid I Loved,0,14,,,,,,,,,,,,,,,,,
33,S Line,2025,6,,,,,,,,,,,,,,,,,
34,Light Shop,2024,8,,,,,,,,,,,,,,,,,
35,Hellbound Season 2,2024,6,,,,,,,,,,,,,,,,,
36,Jeongnyeon: The Star Is Born,2024,12,,,,,,,,,,,,,,,,,
37,Cinderella at 2 AM,2024,10,,,,,,,,,,,,,,,,,
38,Perfect Family,2024,12,,,,,,,,,,,,,,,,,
39,Serendipity's Embrace,2024,8,,,,,,,,,,,,,,,,,
40,Sweet Home Season 3,2024,8,,,,,,,,,,,,,,,,,
41,The 8 Show,2024,8,,,,,,,,,,,,,,,,,
42,The Time of Fever    9.0,,,,,,,,,,,,,,,,,,,
43,Dare to Love Me,2024,16,,,,,,,,,,,,,,,,,
44,Begins Youth,2024,12,,,,,,,,,,,,,,,,,
45,Boys Be Brave!,2024,8,,,,,,,,,,,,,,,,,
46,Parasyte: The Grey,2024,6,,,,,,,,,,,,,,,,,
47,Please Teach Me    7.0,2024,64,,,,,,,,,,,,,,,,,
48,Jazz for Two,2024,8,,,,,,,,,,,,,,,,,
49,Chicken Nugget,2024,10,,,,,,,,,,,,,,,,,
50,Pyramid Game,2024,10,,,,,,,,,Dalgonyak,drama,9.62,17398937,2623261,0.151,314847,0.014,"Every Thursday afternoon, once a month, students at Love High cast their votes in a popularity poll. The result? A brutal ranking system that determines the entire social hierarchy of the school. After starting at the bottom, can new transfer student Suji make her way to the top of the pyramid? Or will she topple the game altogether?"
51,Wedding Impossible,2024,12,,,,,,,,,,,,,,,,,
52,A Killer Paradox,2024,8,,,,,,,,,kkomabi,thriller,8.93,716690,93235,0.13,29759,0.001,"A man wakes up, tied to a crucifix. He’s a district attorney, held prisoner by a serial killer named Tang Lee. Why is he there? And who is this twitchy man staring him down?
As the story unfolds, we follow Tang Lee’s descent from average nobody to murderer. The catch? All of his victims are revealed to be criminals, rapists, and killers who had escaped justice.
Is Tang an angel of retribution? Or is it all in his mind? At every turn, a new dark corner of society’s decay comes to light in this twisted thriller.
"
53,Love for Love's Sake,2024,8,,,,,,,,,,,,,,,,,
54,Death's Game Part 2,2024,4,,,,,,,,,,,,,,,,,
55,Love Song for Illusion,2024,16,,,,,,,,,VANZIUN,fantasy,9.34,3001715,337118,0.112,122413,0.002,"Wol Yeon of the great Yeon clan in the Kingdom of Asatae is a spirited girl who dreams of becoming a general one day. Her dreams are crushed when the royal government mercilessly eradicates her clan, murdering everyone, including Wol’s parents. Wol is left with no one she can trust but her tutor Jae-i, who proceeds to raise and train her as a master assassin so that she may take revenge against the king. Eight years later, Wol successfully infiltrates the palace to kill the king, only to find that all is not as it seems… "
56,Marry My Husband    9.0,2024,16,,,,,,,,,,,,,,,,,
57,Between Him and Her,2023,12,,,,,,,,,,,,,,,,,
58,Death's Game,2023,4,,,,,,,,,"GGULCHAN, LEE WONSIK",drama,9.75,17212303,1738633,0.101,415867,0.013,"He's perennially unemployed, his ex-girlfriend has moved on, and he's just lost all his life savings to a bitcoin scam. Burdened by societal pressures, Yijae Choi decides to take his own life. Insulted by his flippant attitude towards dying, Death comes to punish him with her game: he must experience death over and over again through 13 other lives. But if he can find a way to survive the imminent death coming for these lives, he gets to live out their lifetime. His life was a bust, but what about the lives of others?"
59,Sweet Home Season 2,2023,8,,,,,,,,,,,,,,,,,
60,A Bloody Lucky Day,2023,10,,,,,,,,,,,,,,,,,
61,Secret Playlist,2023,8,,,,,,,,,2F,romance,9.61,36884406,4758899,0.129,664103,0.029,"Hanju is your ordinary university studentâ€¦ except for the fact that she's also the up-and-coming Metube cover artist, PLII. When popular boy group member Levi takes notice of PLII and requests to collaborate, Hanju will do anything to hide her secret identity. But as the two grow closer working on a class project, Hanju's cover begins to unravel. Will Levi discover her secret?"
62,A Breeze of Love    7.5,2023,8,,,,,,,,,,,,,,,,,
63,Vigilante,2023,8,,,,,,,,,"CRG, kim kyusam",action,9.23,983466,103185,0.105,54805,0.001,"When Jiyong Kim was a boy, his mother was murdered. The assailant was tried in the court of law but served a mere three and a half years because he “deeply regrets his actions.” 17 years later, Jiyong is a college student, studying to become a police officer. But on the weekends, Jiyong hunts down ex-convicts released by a justice system that has failed to protect the victims, taking justice into his own hands to make up for its shortcomings."
64,Daily Dose of Sunshine,2023,12,,,,,,,,,,,,,,,,,
65,Moon in the Day,2023,14,,,,,,,,,,,,,,,,,
66,Perfect Marriage Revenge,2023,12,,,,,,,,,"Jerryball, Yibambe, so young",romance,9.5,100756845,7564514,0.075,1196662,0.074,"Iju Han isn’t sure where her life went wrong. Once the heiress to a wealthy business magnate, she’s now an ordinary housewife whose main concerns are her nagging in-laws and household chores. Things take a much more tragic turn, however, when she finds her husband confessing his love to her stepsister. Devastated, she runs away, only to be hit by a car and killed. But when she opens her eyes, she finds that she’s awakened a year ago in the past, before her life went awry. Given a second chance at life, Iju vows revenge, determined to take back all that she’s lost."
67,Brave Citizen,,,,,,,,,,,Kim Junghyun,action,8.78,1087953,127941,0.118,38001,0.001,"Simin So dominated the hapkido scene when she was a student. Seven years later, she comes back as a high school substitute teacher. She’s solely focused on becoming a full-time teacher when she crosses paths with Sugang Han, the school bully. Will Simin achieve her dream of snagging a full-time position despite Sugang’s efforts to bring her down?"
68,Bump Up Business    6.5,2023,8,,,,,,,,,,,,,,,,,
69,Doona!,2023,9,,,,,,,,,,,,,,,,,
70,Taste of Horror,,,,,,,,,,,,,,,,,,,
71,A Good Day to Be a Dog,2023,14,,,,,,,,,"Lee Hey, Lee Hye",romance,9.84,113873554,11227234,0.099,1433149,0.086,"Hana has made every effort to avoid an inevitable family curse... of turning into a dog after her first kiss. Worst of all, the only way for her to break the curse is to get a second kiss. How will that work when Hana's first kiss is with a guy who is deathly afraid of dogs?!"
72,The Deal,2023,8,,,,,,,,,,,,,,,,,
73,Mask Girl,2023,7,,,,,,,,,,,,,,,,,
74,The Killing Vote,2023,12,,,,,,,,,,,,,,,,,
75,Concrete Utopia,,,,,,,,,,,,,,,,,,,
76,Moving,2023,20,,,,,,,,,,,,,,,,,
77,Happy Merry Ending (Movie),,,,,,,,,,,,,,,,,,,
78,Sing My Crush,2023,8,,,,,,,,,,,,,,,,,
79,The Uncanny Counter Season 2:,,,,,,,,,,,,,,,,,,,
80,D.P. Season 2,2023,6,,,,,,,,,,,,,,,,,
81,Not Others,2023,12,,,,,,,,,,,,,,,,,
82,Bump Up Business,,,,,,,,,,,,,,,,,,,
83,See You in My 19th Life,2023,12,,,,,,,,,"Lee Hey, Lee Hye",romance,9.88,96091538,12532235,0.13,1423217,0.075,"Jieum Ban has an extraordinary ability: she can remember the memories of all her past lives. After her previous life is cut short by a tragic accident, she sets out to reconnect with the people of her past life in her current one. Will memories of her 18th life sabotage romance in her 19th? Or will love endure across different lives?"
84,Unintentional Love Story Special    8.5,,,,,,,,,,,,,,,,,,,
85,Bloodhounds,2023,8,,,,,,,,,Jeong Chan,action,9.24,2301171,187346,0.081,115128,0.002,"Bark, bark! Yes, I aim to please and do your bidding. And I’ll certainly never bare my teeth – that is, as long as you don’t show your back. Because it’s a dog-eat-dog world out there. Whether you’re a judge, CEO, boss of the criminal underworld, or a nobody, it doesn’t matter. In the face of money, all are equal."
86,Love Tractor    8.0,2023,8,,,,,,,,,,,,,,,,,
87,Black Knight,2023,6,,,,,,,,,lee yun kyun,action,9.4,4244244,496682,0.117,236055,0.003,"Devastating air pollution and severe social divide between residents and refugees. A corrupt, unforgiving and violent social order. This is the world Sawol was born into. After watching the police massacre her mother and adopted family simply because they were refugees, Sawol holds a deep seeded rage and fear of the police. Sawol believes that becoming a delivery agent is the only means to liberate herself, but can she beat the odds stacked up against her to become one?  
"
88,Happy Merry Ending    7.0,2023,8,,,,,,,,,,,,,,,,,
89,Duty after School: Part 2,2023,4,,,,,,,,,,,,,,,,,
90,The Ghost Station,,,,,,,,,,,,,,,,,,,
91,Joseon Attorney: A Morality,2023,16,,,,,,,,,,,,,,,,,
92,Duty after School: Part 1,2023,6,,,,,,,,,,,,,,,,,
93,Unintentional Love Story    8.5,2023,10,,,,,,,,,,,,,,,,,
94,Divorce Attorney Shin,2023,12,,,,,,,,,,,,,,,,,
95,Taxi Driver Season 2,2023,16,,,,,,,,,,,,,,,,,
96,Oh! My Assistant (Movie)    7.5,,,,,,,,,,,,,,,,,,,
97,Island,2022,6,,,,,,,,,"Inwan Youn, Kyungil Yang",action,8.98,1165919,105621,0.091,68335,0.001,"“I’ll offer you 50 million won for every demon you hunt down.” Jeju Island is swarming with demons out for human blood. When Won Miho, heiress of Daehan Group, finds herself at the mercy of one of these evil demons, she strikes a deal with serial killer, Van, to ensure her survival."
98,The Director Who Buys Me Dinner    7.0,2022,10,,,,,,,,,,,,,,,,,
99,"Work Later, Drink Now Season 2",2022,12,,,,,,,,,,,,,,,,,
100,A Superior Day,2022,8,,,,,,,,,,,,,,,,,
101,The Forbidden Marriage,2022,12,,,,,,,,,"Chun Ji hye, Sanchaek",historical,8.76,495802,40713,0.082,52038,0.0,"It’s been seven years since King Heon Lee declared a marriage ban in Joseon after the death of his wife. But one day, he comes across a woman named Sorang Ye who claims she can summon the spirits of the dead. Though Sorang was lying about her spiritual powers, she now has no choice but to put on an act for the king.
As the secrets behind the mysterious death of the king’s wife and Sorang’s past start unraveling, the red thread of fate becomes more entangled…
"
102,Gaus Electronics,2022,12,,,,,,,,,,,,,,,,,
103,Summer Strike,2022,12,,,,,,,,,,,,,,,,,
104,Unlock My Boss,2022,12,,,,,,,,,,,,,,,,,
105,Lucky Romance,2016,16,,,,,,,,,,,,,,,,,
106,Misaeng: Incomplete Life,2014,20,,8.7,"Business, Drama, Life","Adapted From A Webtoon, Bromance, Hardworking Female Lead, Hardworking Male Lead, Nice Male Lead, Office Worker, Smart Female Lead, Strong Female Lead, Teamwork, Workplace Abuse",29448,-0.239,"Byun Yo Han, Kang Ha Neul, Kang So Ra, Kim Dae Myung, Lee Sung Min, Yim Si Wan","Jang Geu Rae has played the game of Go since he was a child. When his plans of becoming a professional Go player fail, the down-and-out Geu Rae is forced to take an office job as an intern set up for him by an acquaintance’s recommendation for him to a large company called One International.
On his first day of work, Geu Rae meets an eager fellow intern, An Yeong Yi, as they both try to please their new boss, Section Chief Oh Sang Shik, and keep up with the ambitious employee, Jang Baek Ki. But they quickly find that their department is a little different from the others.
Geu Rae does his best at his new job while trying not to lose his humanity along the way.",,,,,,,,,
107,Save Me,2017,16,,,,,,,,,"Big Hit Ent., LICO",drama,9.87,57348144,4218520,0.074,2401786,0.043,"Seven boys. Best friends. Their fates intertwined through the good times together, but also the tough times, as they have gone their separate ways and suffered greatly as a result. When all is almost lost for these boys, one is given a special chance to go back in time and help his friends fix the mistakes that led them down this path. He'll do anything to save them, but can he? Or is he too late?"
108,Connect,2022,6,,,,,,,,,shin dae-sung,thriller,9.3,2017838,228628,0.113,115588,0.002,"Seeing life through someone else’s eyes seems appealing, but less so when it’s your own eye that was gouged out by a murderous serial killer. Fortunately for Dongsu Ha, he’s a Connect – an immortal being with supernatural healing ability. Thanks to this strange power, Dongsu is able to see through his stolen eye, which the killer is still using. Dongsu must use this connection and his newfound ability to track down his killer and recover his eye before more innocent people are hurt, but at what cost?"
109,Oh! My Assistant    7.5,2022,8,,,,,,,,,,,,,,,,,
110,Weak Hero Class 1,2022,8,,9.1,"Action, Drama, Youth","Adapted From A Webtoon, Bromance, Delinquent Supporting Character, Fight, Friendship, Hidden Past, High School, Introverted Male Lead, Quiet Male Lead, School Bullying, School Setting, Skilled Fighter, Smart Male Lead, Social Issues, Strong Male Lead, Teenager Male Lead, Violence",102071,-0.046,"Choi Hyun Wook, Hong Kyung, Kim Su Gyeom, Lee Yeon, Park Ji Hoon, Shin Seung Ho","Yeon Shi Eun is a model student who ranks at the top of his high school. Physically, Yeon Shi Eun appears weak, but by using his wits and psychology, he fights against the violence that takes place inside and outside of his school.",,,,,,,,,
111,The Golden Spoon,2022,16,,,,,,,,,HD3,drama,9.11,3266307,370566,0.113,71022,0.003,"Would you trade your poor but loving family for a life of riches? When Seungcheon gets his hands on a magical spoon that allows him to switch lives with his rich best friend, he thinks it's a no-brainer. But life-altering decisions are always accompanied by a sense of doubt, and with only three chances to change his mind, Seungcheon has to decide which of his two possible futures is worth keeping."
112,Seasons of Blossom,2022,16,,,,,,,,,"HONGDUCK, NEMONE",romance,9.87,82884374,9204290,0.111,1121280,0.063,"Oh, to be young and in love. Oh, to be wild and carefree. The springtime of life is intense, tumultuous, and at times, oh so confusing. Spring, summer, fall and winter -- love blossoms in all seasons."
113,Today's Webtoon,2022,16,,,,,,,,,,,,,,,,,
114,Oh! Boarding House (Movie),,,,,,,,,,,,,,,,,,,
115,The Flatterer,,,,,,,,,,,,,,,,,,,
116,Jinxed at First,2022,16,,,,,,,,,,,,,,,,,
117,Yumi's Cells Season 2,2022,14,,,,,,,,,,,,,,,,,
118,Pumpkin Time (Movie),,,,,,,,,,,,,,,,,,,
119,Love in Spring    6.5,2022,16,,,,,,,,,,,,,,,,,
120,The Sound of Magic,2022,6,,,,,,,,,,,,,,,,,
121,Tomorrow,2022,16,,8.87,"Action, Drama, Fantasy, Thriller","Afterlife, Attempted Suicide, Coma, Death, Grim Reaper Female Lead, Grim Reaper Male Lead, Suicide, Suicide Prevention, Team Leader Female Lead, Underworld",99622,-0.012,"Kim Hae Sook, Kim Hee Sun, Kim Nu Ri, Lee Soo Hyuk, Ro Woon, Rowoon, Yun Ji On, Yun Jin On","Choi Joon Woong seeks a job, but it's hard for him to get hired. One night, he witnesses a man trying to end his life and decides to stop him. He gets acquainted with grim reapers Koo Ryeon and Im Ryoong Gu, who belong to a crisis management team. Their purpose is to prevent people from committing suicide. After Joon Woong ends up in a coma and becomes half-human and half-spirit, he is employed by a company of grim reapers as the newest member of the crisis management team.",Llama,drama,9.66,3705108,500261,0.135,153794,0.003,"Now a major adaptation on streaming. 
Junwung, an unemployed college graduate, slips into a coma when he accidentally falls off of a bridge. While he's in a comatose state, he gets an offer from the crisis response team of the underworld company Flashback to temporarily join their team. If he accepts this offer, he could wake up early from the coma and even get rid of the karma from his past life that’s been holding him back from getting jobs! He’s got nothing better to do tomorrow, so it’s a beautiful day to save lives… with these grim reapers!!"
122,Blueming    8.5,2022,11,,,,,,,,,,,,,,,,,
123,International Student Haha,,,,,,,,,,,,,,,,,,,
124,Cherry Blossoms after Winter    8.5,2022,8,,,,,,,,,,,,,,,,,
125,Oh! Boarding House    7.0,2022,8,,,,,,,,,,,,,,,,,
126,I Have Not Done My Best Yet,2022,12,,,,,,,,,,,,,,,,,
127,Love and Leashes    8.5,,,,,,,,,,,,,,,,,,,
128,All of Us Are Dead,2022,12,,8.5,"Action, Horror, Sci-Fi, Thriller","Adapted From A Webtoon, Death, Friendship, Gore, High School, School, School Bullying, Slight Romance, Student, Survival, Virus, Zombie Apocalypse, Zombies",101710,0.064,"Cho Yi Hyun, Jo Yi Hyun, Kim Byung Chul, Lomon, Park Ji Hoo, Park Ji Hu, Yoo In Soo, Yoon Chan Young",A high school becomes ground zero for a zombie virus outbreak. Trapped students must fight their way out — or turn into one of the rabid infected.,Joo Dong-geun,thriller,8.97,20534279,1437923,0.07,540060,0.015,"Life at Hyosan High School is nothing specialâ€¦ until the students realize they're in ground zero of a deadly virus that turns its victims into flesh-eating monsters. As the virus tears through their schoolmates in a matter of hours, they realize they have nowhere to run. Trapped in their high school with zombified versions of their friends and teachers, they must find a way to fight -- and escape with their lives."
129,Dr. Parks Clinic,2022,12,,,,,,,,,,,,,,,,,
130,"No, Thank You Season 2",2022,12,,,,,,,,,,,,,,,,,
131,Her Bucket List,2021,10,,,,,,,,,"So-p, Vicente Miranda, Yellow sheep",romance,9.69,10826201,1246079,0.115,334332,0.008,"Rari's entire world falls apart when her boyfriend dies. Overwhelmed with the pain of losing the love of her life, she decides to go through the bucket list they made together before joining him in death. Things take an unexpected turn when fate links her to Hansol, her neighbor who has a painful story of his own. The two embark on a journey to heal their wounds and learn there is more to life than trauma and heartbreak."
132,Love & Wish,2021,9,,,,,,,,,,,,,,,,,
133,I Want to Live an Easy Life,2021,5,,,,,,,,,,,,,,,,,
134,Pumpkin Time,2021,10,,,,,,,,,,,,,,,,,
135,The World of My 17 Season 2,2021,10,,,,,,,,,,,,,,,,,
136,Shadow Beauty,2021,13,,,,,,,,,,,,,,,,,
137,Hellbound,2021,6,,,,,,,,,"Choi Gyuseok, Yeon Sangho",thriller,9.3,3037000,301802,0.099,226971,0.002,"Repent, or face hell on Earth! In Seoul, apparitions have started appearing before those who have done wrong to notify them of when they will die. A new religious group explains these happenings as God condemning people to make them live more righteously. Detective Jin is assigned to investigate the latest incident, just as his wife’s murderer is scheduled to be released from prison."
138,Dr. Brain,2021,6,,,,,,,,,,,,,,,,,
139,The Birth of a Nation,2021,2,,,,,,,,,,,,,,,,,
140,Crime Puzzle,2021,10,,,,,,,,,,,,,,,,,
141,"Work Later, Drink Now",2021,12,,,,,,,,,,,,,,,,,
142,Yumi's Cells,2021,14,,,,,,,,,Donggeon Lee,slice of life,9.77,202069261,19941567,0.099,730633,0.151,A story of Yumi and her brain cells.
143,D.P.,2021,6,,8.8,"Action, Drama, Military","Adapted From A Webtoon, Bromance, Dark Fiction, Desertion, Harassment, Humiliation, Military Abuse, Miniseries, Sexual Assault, Violence",39966,-0.219,"Jung Hae In, Kim Sung Kyun, Koo Kyo Hwan, Son Seok Koo","Private soldier Jun Ho is a confused youth who served in the military normally like other Koreans. One day, he suddenly becomes a member of the military defector arrest team. As such, he is tasked with capturing deserters and must grapple with the more troubling cases of why some soldiers feel they have no other choice but go absent without official leave.",,,,,,,,,
144,Kingdom: Ashin of the North,,,,,,,,,,,,,,,,,,,
145,"Nevertheless,",2021,10,,,,,,,,,,,,,,,,,
146,Shark: The Beginning,,,,,,,,,,,,,,,,,,,
147,"At a Distance, Spring Is Green",2021,12,,,,,,,,,,,,,,,,,
148,My Roommate Is a Gumiho,2021,16,,8.37,"Comedy, Fantasy, Romance","Adapted From A Webtoon, Calm Male Lead, Cohabitation, Friendship, Independent Female Lead, Interspecies Romance, Multiple Couples, Multiple Mains, Nice Male Lead, Nine-tailed Fox, Smart Male Lead, Straightforward Female Lead, Supernatural",94650,0.062,"Bae In Hyuk, Jang Ki Yong, Kang Han Na, Kim Do Wan, Lee Hye Ri, Park Kyung Hye","Shin Woo Yeo is a handsome and smart writer, who is actually a 999-year-old nine-tailed fox. To become a human, he collects human energy in a bead. One day, the drunk friend of Lee Dam, a university student, falls asleep on top of an expensive car whose owner is Woo Yeo. While Lee Dam struggles to take her friend away and Woo Yeo trying to help her, Woo Yeo's bead accidentally falls out of his mouth, and Lee Dam unintentionally swallows it. The bead can exist inside of a human for no more than 1 year and, afterward, the bead will break inside of that person causing the person to die. Not wanting to lose his chance in becoming a human, Woo Yeo explains to Lee Dam their predicament and suggests living together until they figure out a solution. Lee Dam, who has never had a boyfriend in her life, now lives with Shin Woo Yeo.",,,,,,,,,
149,Sometoon 2021,2021,20,,,,,,,,,,,,,,,,,
150,Imitation,2021,12,,,,,,,,,,,,,,,,,
151,Happy Children,,,,,,,,,,,,,,,,,,,
152,Taxi Driver,2021,16,,8.8,"Action, Crime, Drama, Thriller","Adapted From A Webtoon, Death Of A Mother, Investigation, Police Officer Male Lead, Prosecutor Female Lead, Revenge, Secret Organization, Smart Female Lead, Strong Male Lead, Taxi Driver Male Lead",43385,-0.206,"Esom, Kim Eui Sung, Lee Je Hoon, Pyo Ye Jin","Do Gi has lived more honestly than anyone else as an officer in the Special Forces. Yet, when a serial killer murders his mother, he spends his days in agony. While feeling wronged and broken, Do Gi meets Jang Sung Chul, who recruits Do Gi to work for his company, Rainbow Taxi. Far from an ordinary taxi service, Rainbow Taxi is a secret organization that avenges victims whom the law didn’t protect. Here, Do Gi becomes a star driver who delivers satisfying revenge. Meanwhile, Ha Na is a prosecutor who investigates Rainbow Taxi. She is furious with their lawless behavior, but at the same time, she feels confused about seeing them solve cases that the law cannot. Between those who believe that revenge embodies true justice and those who pursue the outlaws, Do Gi seeks what justice truly means.",,,,,,,,,
153,The Sweet Blood,2021,15,,,,,,,,,,,,,,,,,
154,Navillera,2021,12,,9.0,"Drama, Life","Adapted From A Webtoon, Ballet, Bromance, Character Development, Father-Son Relationship, Grandpa-Granddaughter Relationship, Kind Male Lead, Life Lesson, Second Chance, Unusual Friendship",36739,-0.268,"Park In Hwan, Song Kang","A 70-year-old with a dream and a 23-year-old with a gift lift each other out of harsh realities and rise to the challenge of becoming ballerinos.
Shim Deok Chool has had a life long dreaming of performing ballet. He is 70-years-old and retired from his job as a post office employee. Due to life situations, he put aside his dream of becoming a ballet dancer and worked a normal job to support his family. Now, Shim Deok Chool makes the decision to pursue his dream again. His family, including his wife and adult children, are not happy with his decision, but Shim Deok Chool does not waver in pursuing his life long dream. He joins a ballet company to learn ballet. There, he meets Lee Chae Rok.
Lee Chae Rok is a 23-year-old man. While growing up, he played different sports like baseball, swimming, and soccer, but he wasn't talented in any of those activities. He then became interested in ballet. His mother was a ballet dancer, but she died from a disease when Lee Chae Rok was young. His father later went bankrupt. Lee Chae Rok learned that he has a talent for ballet, but, after pursuing ballet, he barely has contact with his father and he has a hard time supporting himself financially. Going through hard times, his desire for ballet fades away. At this time, Sim Deok Chool appears in front of him.",,,,,,,,,
155,Love Alarm Season 2,2021,6,,,,,,,,,,,,,,,,,
156,Must You Go?,2021,8,,,,,,,,,,,,,,,,,
157,How to Be Thirty,2021,15,,,,,,,,,,,,,,,,,
158,Sweet Home,,,,8.7,"Action, Drama, Horror, Sci-Fi, Supernatural","Adapted From A Webtoon, Attempted Suicide, Character Development, Death, Gore, Monster, Monsters, Multiple Mains, Nice Male Lead, Paranormal, School Bullying, Supernatural Phenomena, Survival, Trauma",119232,0.092,"Go Min Si, Go Youn Jung, Kim Gab Soo, Kim Nam Hee, Kim Sang Ho, Lee Do Hyun, Lee Jin Wook, Lee Si Young, Park Gyu Young, Song Kang","Following the death of his family in an accident, loner Cha Hyun Soo moves to a new apartment. His quiet life is soon disturbed by strange incidents that start occurring in his apartment, and throughout Korea. As people start to turn into monsters, Hyun Soo and the other residents try to survive.","Carnby Kim, Youngchan Hwang",thriller,9.85,269093451,19291297,0.072,3454632,0.197,"After an unexpected family tragedy, a reclusive high school student is forced to leave his home -- only to face something much scarier: a reality where monsters are trying to wipe out humanity. Now he must fight alongside a handful of reluctant heroes to try and save the world before it's too late. Now a Netflix Original Series."
159,True Beauty,2020,16,,8.3,"Comedy, Drama, Romance, Youth","Adapted From A Webtoon, Beauty, Beauty Standards, Hidden Identity, High School, Makeover, Nice Female Lead, Popular Male Lead, Secret Crush, Smart Male Lead, Transformation",162611,0.326,"Cha Eun Woo, Hwang In Youp, Jang Hye Jin, Moon Ga Young, Mun Ka Young, Park Ho San, Park Yoo Na, Park You Na","True Beauty is a romantic comedy about a high school girl Lim Ju Gyeong, who rises to pretty girl fame after she masters the art of make-up from YouTube. She turns into a goddess because of her makeup skills, but would rather die than reveal her bare face to anyone. It tells her love story with the only boy that saw her without makeup, Lee Su Ho. Lee is an attractive and handsome boy who appears cold because of his dark past but is actually very caring. They grow when they meet each other sharing their secrets and finding love with each other, but can Su Ho make Ju Gyeong find her true beauty?",Yaongyi,romance,9.53,1029642725,55631209,0.054,7496872,0.734,"After binge-watching beauty videos online, a shy comic book fan masters the art of makeup and sees her social standing skyrocket as she becomes her school's prettiest pretty girl overnight. But will her elite status be short-lived? How long can she keep her real self a secret? And what about that cute boy who knows her secret?"
160,The Uncanny Counter    9.0,2020,16,,,,,,,,,,,,,,,,,
161,"No, Thank You",2020,12,,,,,,,,,,,,,,,,,
162,Love Revolution,2020,30,,,,,,,,,,,,,,,,,
163,Amanza,2020,10,,,,,,,,,,,,,,,,,
164,Hanging On,2020,10,,,,,,,,,,,,,,,,,
165,Steel Rain 2: Summit,,,,,,,,,,,,,,,,,,,
166,Pop Out Boy!,2020,10,,,,,,,,,,,,,,,,,
167,Backstreet Rookie,2020,16,,,,,,,,,,,,,,,,,
168,Sometoon 2020,2020,10,,,,,,,,,,,,,,,,,
169,In Your Dream,2020,8,,,,,,,,,,,,,,,,,
170,Dinner Mate,2020,32,,,,,,,,,,,,,,,,,
171,Mystic Pop-Up Bar,2020,12,,,,,,,,,,,,,,,,,
172,A Successful Geek,2020,5,,,,,,,,,,,,,,,,,
173,The World of My 17,2020,12,,,,,,,,,,,,,,,,,
174,How to Buy a Friend,2020,8,,,,,,,,,,,,,,,,,
175,Rugal,2020,16,,,,,,,,,,,,,,,,,
176,"Meow, the Secret Boy",2020,24,,,,,,,,,,,,,,,,,
177,Kingdom Season 2,2020,6,,8.9,"Historical, Horror, Supernatural, Thriller","Corruption, Death, Gore, Greed, Joseon Dynasty, Power Struggle, Smart Female Lead, Strong Female Lead, Strong Male Lead, Zombies",36037,-0.252,"Bae Doo Na, Joo Ji Hoon, Jun Suk Ho, Kim  Sang Ho, Kim Sung Gyu, Ryu Seung Ryong","Following the events in season one, waves of the undead threaten to reach the capital. In an attempt to save the people during the plague and regain his right to the throne, Crown Prince Lee Chang pursues Jo Hak Joo to overthrow him, while the Queen is in a race against time to produce an heir to the throne.",,,,,,,,,
178,Memorist,2020,16,,,,,,,,,,,,,,,,,
179,Itaewon Class,2020,16,,8.47,"Business, Drama, Life, Romance","Adapted From A Webtoon, Badass Female Lead, Boss-Employee Relationship, Female Chases Male First, Hardworking Male Lead, Love Triangle, Nice Male Lead, Revenge, Smart Female Lead, Strong Female Lead, Time Skip, Tragic Past",150987,0.251,"Ahn Bo Hyun, Kim Da Mi, Kim Dong Hee, Kwon Na Ra, Park Seo Joon, Yoo Jae Myung","Park Saeroyi's life has been turned upside down after he gets expelled from school for punching a bully and his father is killed in an accident. Following his father's steps, he opens a pub named ""DanBam"" in Itaewon and, along with his manager and staff, strive towards success and reaching greater heights.",,,,,,,,,
180,How Are You Bread,2020,5,,,,,,,,,,,,,,,,,
181,Secret Zoo,,,,,,,,,,,,,,,,,,,
182,Start-Up,,,,8.1,"Business, Comedy, Romance, Youth","Artificial Intelligence, Competition, Grandma-Granddaughter Relationship, Hardworking Female Lead, Hardworking Male Lead, Love Triangle, Nice Female Lead, Raised By Grandmother, Sibling Rivalry, Unrequited Love",111863,0.176,"Bae Suzy, Kang Han Na, Kim Do Wan, Kim Hae Sook, Kim Seon Ho, Nam Joo Hyuk","Set in one of the world’s most advanced tech sector, “Start Up” tells the tale of the razor-thin margins between ultimate success and abject failure. The story takes place in the fictional Sandbox Company,  where the journey of four unique people is told.After a revolving door of unfulfilling retail jobs, Seo Dal Mi is unsatisfied with the current trajectory of her life. Her soul longs for a grand adventure that sees her at the top and managing her own company. Although she does not have much to offer, she has big dreams, red hot ambition, and the soul of a pioneer.A constant source of his family's pride as a child, Nam Do San as an adult is the founder of Sam San Tech, a fledgling start-up company that is looking to transition into bigger endeavors. But a vague dream and limited ambition see his company flounder. Unknown to him, the tailwinds of fate has begun to fill up SST's sails.Han Ji Pyeong, a man who does not want to owe anyone anything, owes a large debt to one special person who helped him greatly in the past. His role in the start-up world sees him as Judge, Jury, and Executioner, as his pragmatic advice sees the futures of start-ups either rise into greatness or fall into obscurity.Tired of doing all the work, but seeing the credit go to someone else, Won In Jae yearns to prove herself in a male-dominated industry, as a capable woman who can succeed without the advantages her privileged childhood has given her.(Source: Kimsamsoom at MyDramaList)",,,,,,,,,
183,Killed My Wife,,,,,,,,,,,,,,,,,,,
184,Do With All Your Heart Today,2019,4,,,,,,,,,,,,,,,,,
185,Extraordinary You,2019,32,,8.37,"Comedy, Fantasy, Romance, Youth","Adapted From A Webtoon, Amnesia, Character Development, Height Difference, High School, Illness, Love Triangle, Multiple Mains, Nice Male Lead, Sassy Female Lead, Strong Female Lead",136969,0.218,"Jung Gun Joo, Kim Hye Yoon, Kim Young Dae, Lee Jae Wook, Lee Na Eun, Lee Tae Ri, Ro Woon, Rowoon","What would you do if you found out that you were, in fact, a character in a comic? And an extra character on top of that? Change the course of the story, obviously! Eun Dan Oh is a 17-year-old high-school student from a wealthy family who suffers from a lifelong heart condition that inevitably means she will not live past her teenage years. However, when Dan Oh realizes she is experiencing long gaps in her memory as well, she comes into the unhappy realization of another fact in her life: she is a character in a Korean webtoon and all of her actions are predetermined by the artist who draws her. To make matters worse, she discovers she is only a supporting character in the cast. With her newfound understanding of the world she inhabits, she is determined to find true love in her own plot-line and circumvent the author’s plans for her character by utilizing the flashes of storyboard she alone is able to see.",,,,,,,,,
186,The Tale of Nokdu,2019,32,,,,,,,,,,,,,,,,,
187,Pegasus Market,2019,12,,,,,,,,,,,,,,,,,
188,Strangers from Hell,2019,10,,8.7,"Drama, Horror, Psychological, Thriller","Adapted From A Webtoon, Animal Abuse, Animal Death, Gaslighting, Hostel, Hot-Tempered Male Lead, Mental Illness, Mental Torment, Murder, PTSD, Psychopath, Torture, Trauma",54461,-0.147,"Ahn Eun Jin, Im Si Wan, Lee Dong Wook, Lee Joong Ok, Lee Jung Eun, Park Jong Hwan, Yim Si Wan","Yoon Jong Woo is a young guy in his 20s who moves from the countryside to Seoul after his college friend, Jae Ho, offers him a job. While looking for a place to live, he stumbles upon Eden Gosiwon, a cheap hostel that shares the kitchen and bathroom with other residents. He is not thrilled about the quality of the place or the other abnormal residents, such as his next-door neighbor Seo Moon Jo, a charismatic dentist. Nevertheless, Jong Woo decides to put up with it for 6 months until he saves enough money to move out. However, mysterious events start occurring in the apartment, causing Jong Woo to begin fearing the apartment's residents.",,,,,,,,,
189,Love Alarm,2019,8,,7.1,"Comedy, Drama, Romance, Youth","Adapted From A Webtoon, Bromance, First Love, Heartbreak, Love Triangle, Male Chases Female First, Poor Woman, Rich Male Lead, Rich Man, Suicide, Trauma",123882,0.405,"Go Min Si, Jung Ga Ram, Kim So Hyun, Kim Young Pil, Song Kang, Song Sun Mi","The cellphone app Love Alarm is created. If someone likes you and they are within 10 meters of you, the alarm for the app rings. The app also shows how many people like you, but the app doesn't reveal specific details on who likes you. Kim Jo Jo is a high school student. She is pretty and smart. She seems like a cheerful person, but her parents died when she was young. Since the death of her parents, Kim Jo Jo has lived with her aunt's family. Living there is not easy for Kim Jo Jo. She doesn't download the app as her phone isn’t new enough.Meanwhile, Hwang Sun Oh is a popular male student at the same high school that Kim Jo Jo attends. He is the son of a wealthy family, but he is not loved by his parents. His best friend, Lee Hye Yeong, also attends the same high school. Hwang Sun Oh notices that his best friend, Lee Hye Yeong, likes Kim Jo Jo. Hwang Sun Oh wants to know if his friend really likes her, so he kisses her.(Source: Dramanice)",,,,,,,,,
190,Long Live the King: Mokpo Hero,,,,,,,,,,,,,,,,,,,
191,0.0MHz,,,,,,,,,,,,,,,,,,,
192,My Absolute Boyfriend,2019,40,,,,,,,,,,,,,,,,,
193,"Spring, Again",,,,,,,,,,,,,,,,,,,
194,How to Hate You,2019,6,,,,,,,,,,,,,,,,,
195,The Banker,2019,32,,,,,,,,,,,,,,,,,
196,Item,2019,32,,,,,,,,,,,,,,,,,
197,Kingdom,2019,6,,8.8,"Historical, Horror, Political, Thriller","Adapted From A Webtoon, Corruption, Gore, Joseon Dynasty, Nice Male Lead, Power Struggle, Strong Female Lead, Strong Male Lead, Survival, Zombies",58560,-0.15,"Bae Doo Na, Joo Ji Hoon, Kim Sung Gyu, Ryu Seung Ryong","No sooner does the Joseon King succumb to smallpox, do the rumors of his death begin. The Cho Clan, the clan of the pregnant Queen and her father, Chief State Councillor Cho Hak Joo, declares the Crown Prince, a traitor.
Questioning the circumstances surrounding the King’s death, the Crown Prince and his guard, Moo Young, set forth to locate Lee Seung Hui, the last physician to treat his father. But the two end up stuck with Assistant Physician Seo Bi and a mysterious man named Young Shin in a village plagued with a terrifying disease.",,,,,,,,,
198,"My Lawyer, Mr. Jo 2: Crime and",,,,,,,,,,,,,,,,,,,
199,The Sound of Your Heart: Reboot,,,,,,,,,,,,,,,,,,,
200,Clean with Passion for Now,2018,16,,,,,,,,,,,,,,,,,
201,Feel Good to Die,2018,32,,,,,,,,,,,,,,,,,
202,Mama Fairy and the Woodcutter,2018,16,,,,,,,,,,,,,,,,,
203,Drama Special Season 9: The Tuna and,,,,,,,,,,,,,,,,,,,
204,Ping Pong Ball,2018,2,,,,,,,,,,,,,,,,,
205,Dokgo Rewind,2018,20,,,,,,,,,,,,,,,,,
206,Along with the Gods 2: The Last 49,,,,,,,,,,,,,,,,,,,
207,My ID Is Gangnam Beauty,2018,16,,,,,,,,,,,,,,,,,
208,Illang: The Wolf Brigade,,,,,,,,,,,,,,,,,,,
209,Your House Helper,2018,32,,,,,,,,,,,,,,,,,
210,Student A,,,,,,,,,,,,,,,,,,,
211,What's Wrong with Secretary Kim,,,,8.5,"Business, Comedy, Friendship, Romance","Adapted From A Webtoon, Boss-Employee Relationship, Calm Female Lead, First Love, Male Chases Female First, Narcissistic Male Lead, Office Romance, Phobia, Rich Male Lead, Secretary, Smart Female Lead, Steamy Kiss, Trauma",212766,0.473,"Kim Byung Ok, Kim Hye Ok, Lee Tae Hwan, Park Min Young, Park Seo Joon, Pyo Ye Jin","The series revolves around the narcissistic Lee Young Joon, the vice president of a company run by his family. He is very self-absorbed and thinks highly of himself, so much that he barely acknowledges the people around him. Lee Young Joon has a capable and patient secretary Kim Mi So who has remained by his side and worked diligently for 9 years without any romantic involvement. However, Mi So now wants to set her life & focus on herself so when she decides to resign from her job, hilarious misunderstandings ensue. After 9 years of their strictly-workplace relationship, can it now develop in something more?",,,,,,,,,
212,Cheese in the Trap,,,,7.4,"Drama, Life, Psychological, Romance","Adapted From A Webtoon, Cold Male Lead, Enemies To Lovers, Love Triangle, Possessive Male Lead, Rich Male Lead, School Bullying, Smart Female Lead, Smart Male Lead, Stalking",107382,0.289,"Kim Go Eun, Lee Sung Kyung, Nam Joo Hyuk, Park Hae Jin, Park Min Ji, Seo Kang Joon","Having returned to college after a year long break due to her family's poor background, Hong Seol, a hardworking over-achiever, inadvertently gets on the wrong side of her senior, Yoo Jung, who's athletic, good looking, gets good grades and has a kind personality, as well as a hidden dark side. From then on her life takes a turn for the worse and Hong Seol is almost certain it's all Yoo Jung's doing. So why is he suddenly acting so friendly a year later?(Source: WeTV)~~ Adapted from the webtoon ""Cheese in the Trap"" (치즈인더트랩) by Soonkki (순끼).",Soonkki,drama,9.71,159875287,9927119,0.062,1122464,0.115,"After returning to college from a long break, model student Seol finds herself caught up with Jung, a senior who's also known as Mr. Perfect. Seol feels like her life took a turn for the worse since Jung came into her life... but is he intentionally turning her life upside down?"
213,Romance Written Differently,2018,8,,,,,,,,,,,,,,,,,
214,Little Forest,,,,,,,,,,,,,,,,,,,
215,Longing Heart,2018,10,,,,,,,,,,,,,,,,,
216,Steel Rain,,,,,,,,,,,,,,,,,,,
217,Along with the Gods: The Two Worlds,,,,,,,,,,,,,,,,,,,
218,The Best Moment to Quit Your Job,,,,,,,,,,,,,,,,,,,
219,The Chase,,,,,,,,,,,,,,,,,,,
220,Meloholic,2017,10,,,,,,,,,,,,,,,,,
221,We Are Peaceful Brothers,2017,15,,,,,,,,,,,,,,,,,
222,Go Back Couple,2017,12,,8.6,"Comedy, Fantasy, Life, Romance","1990s, Bromance, Failing Marriage, Hate Relationship, Love, Misunderstanding, Mother-Daughter Relationship, Sassy Female Lead, Second Chance Romance, Sismance, Time Travel",37662,-0.19,"Jang Na Ra, Son Ho Jun","38-years-old married couple, Choi Ban Do and Ma Jin Joo, were in love when they got married but now, hate each other and regret marrying at such a young age. Choi Ban Do has been burdened with being the breadwinner, and Ma Jin Joo is a housewife with low self-esteem. The couple travels through time and finds themselves as 20-year-old university students when they met for the first time.",,,,,,,,,
223,Avengers Social Club,2017,12,,,,,,,,,,,,,,,,,
224,Shining Na Ra,2017,12,,,,,,,,,,,,,,,,,
225,The IDOLM@STER.KR,2017,24,,,,,,,,,,,,,,,,,
226,The Boy Next Door    9.0,2017,15,,,,,,,,,,,,,,,,,
227,The Liar and His Lover,2017,16,,,,,,,,,,,,,,,,,
228,The Sound of Your Heart,2016,20,,,,,,,,,Cho Seok,comedy,9.56,33851073,2423522,0.072,157511,0.025,"While it may seem like a mere depiction of everyday life, The Sound of Your Heart is a comedy filled to the brim with wit, sarcasm, and parody. It gives no regard for the probable or realistic- it is a series of absurd situations that is sure to get a laugh out of every reader willing to suspend their sense of reality."
229,Sweet Stranger and Me,2016,16,,,,,,,,,,,,,,,,,
230,Women at a Game Company,2016,11,,,,,,,,,,,,,,,,,
231,Tong: Memories,2016,12,,,,,,,,,,,,,,,,,
232,"Bring It On, Ghost    8.0",2016,16,,,,,,,,,,,,,,,,,
233,"My Lawyer, Mr. Jo",2016,20,,,,,,,,,,,,,,,,,
234,A Violent Prosecutor,,,,,,,,,,,,,,,,,,,
235,Ready for Start - Vol. 1,2016,12,,,,,,,,,,,,,,,,,
236,Cheese in the Trap    6.0,2016,16,,,,,,,,,,,,,,,,,
237,Inside Men: The Original,,,,,,,,,,,,,,,,,,,
238,Cheers to Me,2015,10,,,,,,,,,,,,,,,,,
239,Imaginary Cat,2015,8,,,,,,,,,,,,,,,,,
240,Inside Men,,,,,,,,,,,,,,,,,,,
241,Awl,2015,12,,,,,,,,,,,,,,,,,
242,Webtoon Hero - Tundra Show,2015,12,,,,,,,,,,,,,,,,,
243,Last,2015,16,,,,,,,,,,,,,,,,,
244,Late Night Restaurant,2015,20,,,,,,,,,,,,,,,,,
245,We Broke Up,2015,10,,,,,,,,,,,,,,,,,
246,Prince's Prince    8.0,2015,10,,,,,,,,,,,,,,,,,
247,Orange Marmalade    8.5,2015,12,,,,,,,,,,,,,,,,,
248,Jumping Girl,2015,15,,,,,,,,,,,,,,,,,
249,The Girl Who Sees Scents,2015,16,,,,,,,,,,,,,,,,,
250,Super Daddy Yeol,2015,16,,,,,,,,,,,,,,,,,
251,Ho Goo's Love,2015,16,,,,,,,,,,,,,,,,,
252,"Hyde, Jekyll, Me",2015,20,,,,,,,,,,,,,,,,,
253,The Cat Funeral,,,,,,,,,,,,,,,,,,,
254,Space Between: Sunshowers,2014,4,,,,,,,,,,,,,,,,,
255,Dr. Frost,2014,10,,,,,,,,,"JongBeom Lee, Keon Tan",mystery,9.8,43250046,3604869,0.083,420370,0.032,"College professor by day, and bartender by night, psychologist Dr. Frost believes in one simple belief. Humans are all the same. He uses this tenet to guide his practice, and solves the puzzles of the human mind one by one."
256,Fashion King    9.0,,,,,,,,,,,,,,,,,,,
257,Love Cells,2014,15,,,,,,,,,,,,,,,,,
258,Liar Game,2014,12,,,,,,,,,,,,,,,,,
259,Naeil's Cantabile,2014,16,,,,,,,,,,,,,,,,,
260,Aftermath Season 2    8.0,2014,6,,,,,,,,,,,,,,,,,
261,Aftermath    8.0,2014,5,,,,,,,,,,,,,,,,,
262,The Five,,,,,,,,,,,,,,,,,,,
263,Secretly Greatly,,,,,,,,,,,,,,,,,,,
264,Flower Boy Next Door    8.0,2013,16,,,,,,,,,,,,,,,,,
265,26 Years,,,,,,,,,,,,,,,,,,,
266,The Neighbors,,,,,,,,,,,,,,,,,,,
267,To the Beautiful You    6.0,2012,16,,,,,,,,,,,,,,,,,
268,Time Slip Dr. Jin,2012,22,,,,,,,,,,,,,,,,,
269,Holy Land,2012,4,,,,,,,,,,,,,,,,,
270,You're My Pet    8.5,,,,,,,,,,,,,,,,,,,
271,The Empress,2011,13,,,,,,,,,,,,,,,,,
272,City Hunter    8.5,2011,20,,,,,,,,,,,,,,,,,
273,President,2010,20,,,,,,,,,,,,,,,,,
274,Playful Kiss Seung Jo's Diary    9.5,2010,7,,,,,,,,,,,,,,,,,
275,Playful Kiss YouTube Edition    10,2010,7,,,,,,,,,,,,,,,,,
276,Playful Kiss    8.5,2010,16,,,,,,,,,,,,,,,,,
277,Mary Stayed Out All Night,2010,16,,,,,,,,,,,,,,,,,
278,Moss,,,,,,,,,,,,,,,,,,,
279,Master of Study,2010,16,,,,,,,,,,,,,,,,,
280,Boys over Flowers    10,2009,25,,,,,,,,,,,,,,,,,
281,Antique Bakery    8.5,,,,,,,,,,,,,,,,,,,
282,Baby & I    10,,,,,,,,,,,,,,,,,,,
283,I Am Your Teacher,2007,16,,,,,,,,,,,,,,,,,
284,200 Pounds Beauty    8.0,,,,,,,,,,,,,,,,,,,
285,One Fine Day,2006,16,,,,,,,,,,,,,,,,,
286,Old Boy,,,,,,,,,,,,,,,,,,,
287,Strangers from Hell    10,2019,10,,,,,,,,,,,,,,,,,
288,True Beauty    9.0,2020,16,,,,,,,,,,,,,,,,,
289,Extraordinary You    9.0,2019,32,,,,,,,,,,,,,,,,,
290,My Roommate Is a Gumiho    9.0,2021,16,,,,,,,,,,,,,,,,,
291,So I Married an Anti-Fan,2021,16,,,,,,,,,,,,,,,,,
292,Cheese in the Trap    8.0,2016,16,,,,,,,,,,,,,,,,,
293,Mama Fairy and the Woodcutter    6.0,2018,16,,,,,,,,,,,,,,,,,
294,The King's Affection,2021,20,,,,,,,,,,,,,,,,,
295,High! Touch,2021,6,,,,,,,,,,,,,,,,,
296,Light on Me,2021,16,,,,,,,,,,,,,,,,,
297,A DeadbEAT's Meal,2021,12,,,,,,,,,CHEESE,slice of life,9.2,6175682,885499,0.143,126640,0.005,"Now a major (K-Drama) adaptation.                                                                                                                                                                                                       
What’s better than a good meal? My name’s Jaeho and I love food. While some may call me a deadbEAT because I don’t have a job at the moment, I’m just your normal happy guy who loves eating and my girlfriend of 7 years… That is until I got a breakup text yesterday… Where did things go wrong? I keep trying to look back through the years, but I just can't figure it out..."
298,She Would Never Know,2021,16,,,,,,,,,"Cafelatte, Elize, JINHA",romance,9.08,15349571,1722652,0.112,468632,0.012,"Gentle in demeanor yet fiercely independent and competent, Songa is a top assistant brand manager at Klar Cosmetics who gets things done with a smile. Thriving in life, she is suddenly caught off guard by her charming junior colleague's enigmatic warning, ""Don't put on that lipstick."" Then an unexpected revelation changes everything."
299,Lovers of the Red Sky,2021,16,,,,,,,,,,,,,,,,,
300,Dark Hole,2021,12,,,,,,,,,,,,,,,,,
301,Our Beloved Summer,2021,16,,8.67,"Drama, Life, Romance, Youth","Character Development, Coming Of Age, Enemies To Lovers, First Love, Flashback To Past, Hate Relationship, Healing, High School Sweethearts, Interview, Love, Lovers Reunited, Second Chance Romance",106851,0.052,"Ahn Dong Goo, Choi  Woo Shik, Choi Woo Shik, Kim Da Mi, Kim Sung Cheol, Park Jin Joo, Roh Jeong Eui","Years after filming a viral documentary in high school, two bickering ex-lovers get pulled back in front of the camera — and into each other's lives. Choi Woong seems naive and a free-spirited man, but he wants to have something for the first time in his life. For that, he shows what he holds in his mind. Kook Yeon Soo aimed to become the top student at her school, but she is now an adult who lives fiercely, adapting to her reality.","Han Kyoung Chal, Lee Naeun",romance,9.8,7102900,763623,0.108,463559,0.006,"Now a major adaptation on streaming.
At Midsummer High, Yeonsu Guk is at the top of her class, while Wung Choi is ranked dead-last. And it’s not just their grades -- their personalities couldn’t be more different, as Yeonsu is a no-nonsense stickler and Wung is a care-free slacker. When a filmmaker comes to make a documentary about their school life over the course of a month, they’re not exactly thrilled to be spending so much time together. However, as the month goes on, they begin to discover each other’s hidden depths. At least one thing’s for certain -- they’ll never forget this summer!"
302,Best Mistake,2019,15,,,,,,,,,,,,,,,,,
303,Sweet Home    10,2020,10,,,,,,,,,,,,,,,,,
304,A Bitch and a Punk,,,,,,,,,,,,,,,,,,,
305,Most Liked Comment,2018,8,,,,,,,,,,,,,,,,,
306,Horror and Romance,,,,,,,,,,,,,,,,,,,
307,Olive Pocha,2018,14,,,,,,,,,,,,,,,,,
308,Her Private Life,2019,16,,8.37,"Business, Comedy, Drama, Romance","Art, Boss-Employee Relationship, Calm Male Lead, Eccentric Female Lead, Fan Culture, Hidden Personality, Independent Female Lead, Orphan Male Lead, Sismance, Smart Male Lead, Steamy Kiss, Strong Female Lead",138021,0.222,"Ahn Bo Hyun, Kim Bo Ra, Kim Jae Wook, One, Park Jin Joo, Park Min Young","A dedicated professional, Sung Deok Mi lives for her work as an art gallery curator. Devoting herself to her work, she is exceptional in every way, save one. Beneath that cool, professional facade, Deok Mi carries a dark secret. A secret she desperately wants to keep from the world. A secret that has driven lovers away. A secret that rules every moment of her personal life... Sung Deok Mi is the ultimate Cha Shi An fangirl. The devoted manager of a Shi An fansite, Deok Mi eats, breathes, and sleeps for Shi An. He is her sun, her moon. Her entire universe revolves around him. This is the secret Deok Mi must hide from the world. And hide it she does. At least until Ryan Gold, the art gallery’s new director, saunters into her life. A once famous painter, the former artist turned director considers himself an indifferent being, unconcerned with the lives of others. But when he uncovers Deok Mi’s secret, everything changes.",,,,,,,,,
309,Possessed,2019,16,,,,,,,,,,,,,,,,,
310,Tomorrow    10,2022,16,,,,,,,,,,,,,,,,,
311,Dear My Room,2018,12,,,,,,,,,,,,,,,,,
312,The Uncanny Counter,2020,16,,8.8,"Action, Drama, Mystery, Supernatural","Childhood Trauma, Evil Spirit, Found Family, Hidden Identity, Multiple Mains, Nice Male Lead, Orphan Male Lead, Righteous Male Lead, School Bullying, Special Power, Spirit, Strong Female Lead, Teamwork",107940,0.032,"Ahn Suk Hwan, Cho Byeong Kyu, Kim Se Jeong, Lee Hong Nae, Yeom Hye Ran, Yoo  Joon Sang, Yoo Joon Sang",Tells the story of demon hunters called Counters who come to earth under the guise of being employees at a noodle restaurant in order to capture evil spirits that have returned to earth in pursuit of eternal life.,,,,,,,,,
313,Art of Girls,,,,,,,,,,,,,,,,,,,
314,This Life to the Next,,,,,,,,,,,"YUNO, jojoohee",drama,9.25,3385530,384152,0.113,156987,0.003,"Isaeng and Jeongto were inseparable childhood friends until Jeongto’s father died tragically at the hands of a bitter soul. These two friends reunite ten years later as adversaries: Isaeng guides souls to the afterlife, while Jeongto gives souls another chance to live. After all this time, can these two work out their issues? And what do the Kings of Hell have to do with all of this?"
315,So You,0,16,,,,,,,,,,,,,,,,,
316,Dear X,2025,12,,,,,,,,,VANZIUN,thriller,9.54,9234883,943097,0.102,306547,0.007,"Ajin Baek is an actress at the top of her game. She has everything. She's a beautiful, award-winning actress, the public loves her, and she's about to announce that she's getting married. But on the night of the award ceremony, a news program exposes the darkness behind Ajin's glittery exterior. Just how far was Ajin willing to go to get to where she is now?"
317,The Borrowed Body,0,15,,,,,,,,,,,,,,,,,
318,Revenge Is Ours,,,,,,,,,,,,,,,,,,,
319,Cell,0,12,,,,,,,,,,,,,,,,,
320,Whale Star: The Gyeongseong Mermaid,,,,,,,,,,,Na Yoonhee,drama,9.86,12840799,1567709,0.122,322593,0.01,"The year is 1926 in this retelling of Hans Christian Andersen’s “The Little Mermaid”, and Joseon (present-day Korea), is under colonial Japanese rule. Su-a Heo is a handmaiden who spends her days working and swimming in the sea. Her work is her whole life, until one day, when she discovers a wounded independence fighter named Uihyeon Kang washed up on the shore. She nurses him back to health, only to lose her ability to speak in a botched murder attempt by Uihyeon’s comrade, Haesu Song. As she travels to the capital, Gyeongseong (present-day Seoul), to get revenge, she finds herself growing more and more intertwined with a strange, brave new world and the people within it."
321,Im Taking a Break from Dating Now,,,,,,,,,,,,,,,,,,,
322,Summer Solstice Point,,,,,,,,,,,,,,,,,,,
323,Delusion,,,,,,,,,,,Hongjacga,thriller,9.79,10024767,1211204,0.121,286930,0.008,"It's 1935 in Gyeongseong, and struggling artist Iho Yun has been commissioned by the reclusive, elderly Madam Jeonghwa Song to paint a portrait. Madam Jeonghwa Song allows Iho to set eyes upon her -- an unprecedented event -- and standing before him is a young woman. But why does she ask him to paint an elderly version of her? ""Don't finish the portrait."" Tucked between the previous artist's paint tubes is an ominous letter. Iho learns that no artist has left Madam Song's abode alive or of sound mind. Just what is she hiding and what will happen if Iho finishes the portrait?"
324,Cherry Blossoms after Winter,2022,8,,,,,,,,,,,,,,,,,
325,Again My Life,2022,16,,,,,,,,,,,,,,,,,
326,Kiss Sixth Sense,2022,12,,,,,,,,,,,,,,,,,
327,Oh Man Sang and Prejudice,,,,,,,,,,,,,,,,,,,
328,A History of Losers,2025,8,,,,,,,,,,,,,,,,,
329,1 Second (manhwa),,,,,,,,,,,,,,,,,,,
330,Beauty Newbie,,,,,,,,,,,,,,,,,,,
331,Black Knight (South Korean TV series),,,,,,,,,,,,,,,,,,,
332,Bloodhounds (South Korean TV series),,,,,,,,,,,,,,,,,,,
333,"Bring It On, Ghost",,,,8.1,"Comedy, Horror, Romance, Supernatural","Adapted From A Webtoon, Badass Female Lead, Bromance, Death, Exorcism, Ghost, Ghost-seeing Male Lead, Interspecies Romance, Nice Male Lead, Sassy Female Lead",87779,0.087,"David Lee, Kang Ki Young, Kim  Sang Ho, Kim So Hyun, Kwon Yool, Kwon Yul, Ok Taec Yeon","A cohabitation comedy about a ghost of a high school girl who has been dead for 5 years and an exorcist college boy with the ability to see and hear ghosts. What he’s discovered over the years is that he can touch them and fight them off, so when he’s in need of a part-time job and can’t find one that pays well enough, he starts putting ads online as an exorcist for hire. His ad: “Will face off with your ghosts. Chances of winning: virgin ghosts 80%, bachelor ghosts 40%, child ghosts 97%, the rest 50%.” One night he goes out on the job and faces off with a schoolgirl ghost, and during the fight, they accidentally kiss and sparks fly.~~ Adapted from the webtoon “Let's Fight, Ghost” (싸우자귀신아) by Iminsu (임인스).",,,,,,,,,
334,Cheese in the Trap (TV series),,,,,,,,,,,,,,,,,,,
335,Chicken Nugget (TV series),,,,,,,,,,,,,,,,,,,
336,Connect (TV series),,,,,,,,,,,,,,,,,,,
337,D.P. (TV series),,,,,,,,,,,,,,,,,,,
338,The Deal (TV series),,,,,,,,,,,,,,,,,,,
339,Dear X (TV series),,,,,,,,,,,,,,,,,,,
340,Delusion (South Korean TV series),,,,,,,,,,,,,,,,,,,
341,Dr. Brain (TV series),,,,,,,,,,,,,,,,,,,
342,Dr. Frost (TV series),,,,,,,,,,,,,,,,,,,
343,Dr. Park's Clinic,,,,,,,,,,,,,,,,,,,
344,Duty After School,,,,,,,,,,,Ilkwon Ha,sci-fi,9.67,7411616,518572,0.07,175893,0.005,What would you do if your school's extracurricular activity was a mandatory military service amidst an actual war? A class of students is turned into a platoon of soldiers to fight against unknown slime-like objects.
345,Flower Boys Next Door,,,,,,,,,,,,,,,,,,,
346,Gangnam Beauty,,,,,,,,,,,,,,,,,,,
347,A Girl Who Sees Smells,,,,,,,,,,,,,,,,,,,
348,Go Back (TV series),,,,,,,,,,,,,,,,,,,
349,The God of High School,,,,,,,,,,,Yongje Park,action,9.7,792773286,31675143,0.04,2935039,0.553,"Mori Jin is a high school student and Taekwondo specialist who enters ""The God of High School,"" a fighting tournament that promises the winner anything they want. What began as a competition to seek out the best high school fighter soon reveals itself to be part of a much greater plot that goes beyond Mori's wildest imagination. What will he give to become a true god?"
350,Hell Is Other People (TV series),,,,,,,,,,,,,,,,,,,
351,Hellbound (TV series),,,,,,,,,,,,,,,,,,,
352,Hogu's Love,,,,,,,,,,,,,,,,,,,
353,Hope: Kitai Zero no Shinnyu Shain,,,,,,,,,,,,,,,,,,,
354,"Hyde Jekyll, Me",,,,,,,,,,,,,,,,,,,
355,Imitation (TV series),,,,,,,,,,,,,,,,,,,
356,Island (South Korean TV series),,,,,,,,,,,,,,,,,,,
357,Item (TV series),,,,,,,,,,,,,,,,,,,
358,Joseon Attorney,,,,,,,,,,,,,,,,,,,
359,Kingdom (South Korean TV series),,,,,,,,,,,,,,,,,,,
360,Knight Flower,,,,,,,,,,,,,,,,,,,
361,Last (TV series),,,,,,,,,,,,,,,,,,,
362,The Law Cafe,,,,,,,,,,,,,,,,,,,
363,Let's Fight Ghost (Thai TV series),,,,,,,,,,,,,,,,,,,
364,Love Revolution (web series),,,,,,,,,,,,,,,,,,,
365,Lovely Runner,,,,9.0,"Comedy, Fantasy, Music, Romance","Age Gap [Real Life], Butterfly Effect, Determined Female Lead, Famous Male Lead, Love At First Sight, Passionate Male Lead, Past And Present, Second Chance, Time Altering, Time Travel",95003,-0.053,"Byeon Woo Seok, Hong Seung Hee, Jung Suk Yong, Kim Hye Yoon, Lee Je Hoon, Lee Seung Hyub, Song Geon Hee, Tang Jun Sang","In the glitzy realm of stardom, Ryu Seon Jae shines as a top-tier celebrity, captivating the spotlight since his debut. Despite the facade of a perfect life, the demanding nature of the entertainment industry has left him utterly exhausted. Im Sol, an ardent admirer, holds an affectionate love for Ryu Seon Jae. A childhood accident derailed her dreams, yet the solace found in Ryu Seon Jae's music on the radio transformed her into an unwavering fan.",,,,,,,,,
366,"Marry Me, Mary!",,,,,,,,,,,,,,,,,,,
367,Moving (South Korean TV series),,,,,,,,,,,,,,,,,,,
368,My First Love (TV series),,,,,,,,,,,,,,,,,,,
369,"My Lawyer, Mr. Jo 2: Crime and Punishment",,,,,,,,,,,,,,,,,,,
370,Navillera (TV series),,,,,,,,,,,,,,,,,,,
371,Nevertheless (TV series),,,,,,,,,,,,,,,,,,,
372,No Home,,,,,,,,,,,,,,,,,,,
373,"Noble, My Love",,,,,,,,,,,,,,,,,,,
374,Omniscient Reader's Viewpoint,,,,,,,,,,,,,,,,,,,
375,Orange Marmalade (TV series),,,,,,,,,,,,,,,,,,,
376,Pyramid Game (TV series),,,,,,,,,,,,,,,,,,,
377,Return of the Blossoming Blade,,,,,,,,,,,"Biga, LICO, SEHON, UMKY",action,9.86,69807231,6477821,0.093,806701,0.052,"When Cheongmyeong of the Mount Hua Sect awakens a hundred years in the future, his last memories are of a bloody battle against the Leader of the Demonic Cult, the evil Cheonma. The battle almost saw the end of the Ten Great Sects of ancient China, when Cheongmyeong ended the hard-fought struggle by striking down Cheonma. Soon after, he succumbed to his wounds, filled with regret at their pyrrhic victory. All is not lost, however, as he awakens to his second chance at life. Shocked to find his beloved Mount Hua Sect reduced to a mere shadow of itself in the present day, Cheongmyeong embarks on a journey to restore Mount Hua to its former glory."
378,Romance 101,,,,,,,,,,,Namsoo,romance,9.84,83613204,10789520,0.129,900960,0.065,"Bareum's planner might be full, but one thing she desperately needs in her diary is a date. When she is lured into joining a programming club by her friend's hot coworker, it looks like there might be hope for her. But will her inexperience lead to her downfall? And why does she keep running into his bad-tempered friend instead?"
379,Rugal (TV series),,,,,,,,,,,,,,,,,,,
380,Save Me (South Korean TV series),,,,,,,,,,,,,,,,,,,
381,Secret Relationships,,,,,,,,,,,,,,,,,,,
382,A Shoulder to Cry On (TV series),,,,,,,,,,,,,,,,,,,
383,A Simple Thinking About Blood Type,,,,,,,,,,,,,,,,,,,
384,Solo Leveling,,,,,,,,,,,,,,,,,,,
385,Songgot: The Piercer,,,,,,,,,,,,,,,,,,,
386,The Sound of Your Heart (TV series),,,,,,,,,,,,,,,,,,,
387,Study Group (TV series),,,,,,,,,,,,,,,,,,,
388,Sweet Home (TV series),,,,,,,,,,,,,,,,,,,
389,Tale of Fairy,,,,,,,,,,,,,,,,,,,
390,Taxi Driver (South Korean TV series),,,,,,,,,,,,,,,,,,,
391,Tomb Raider King,,,,,,,,,,,,,,,,,,,
392,Tomorrow (South Korean TV series),,,,,,,,,,,,,,,,,,,
393,Tower of God,,,,,,,,,,,SIU,fantasy,9.86,1247627442,64481279,0.052,4125117,0.883,What do you desire? Money and wealth? Honor and pride? Authority and power? Revenge? Or something that transcends them all? Whatever you desireâ€”it's here.
394,True Beauty (South Korean TV series),,,,,,,,,,,,,,,,,,,
395,Vigilante (TV series),,,,,,,,,,,,,,,,,,,
396,We Broke Up (web series),,,,,,,,,,,,,,,,,,,
397,Weak Hero,,,,,,,,,,,"RAZEN, SEOPASS",action,9.84,241221208,17672673,0.073,1562274,0.176,"Once the bullies target you, it's game over. The school is run by tyrants whose favorite hobby is tormenting the weakest kids in class. But then Gray arrived. This mysterious new student threatens to dismantle the established order. He may be small in stature, but his calculative and brutal fighting leaves unsuspecting opponents lying on the floor begging for mercy. Now the school's toughest bullies have to scramble to take down this new and unusual hero."
398,Welcome (TV series),,,,,,,,,,,,,,,,,,,
399,Welcome to Convenience Store,,,,,,,,,,,,,,,,,,,
400,The Witch (TV series),,,,,,,,,,,,,,,,,,,
401,The Sound of Magic: Annarasumanara,,,Ilkwon Ha,,,,,,,,Ilkwon Ha,drama,9.74,13938739,973945,0.07,391894,0.01,"Now a major adaptation on streaming.
When she was little, Yun Ai dreamed of becoming a magician. But in reality, she's just a high school student who can't even afford new socks. After meeting a mysterious magician at a carnival, she decides to follow her dream."
402,Money Game (The 8 Show),,,BAE jin soo,,,,,,,,BAE jin soo,thriller,9.07,3450184,319144,0.093,104934,0.003,"The original story behind The 8 Show on Netflix.
Eight participants, 100 days, and a shared pot of money amounting to 44.8 billion won (around 38 million USD). This is Money Game, a reality TV show, where participants try to spend as little as possible to walk away with as much as they can. Marooned in a specially designed TV set with nothing but a set of clothes and a rule book, every item they purchase is 1,000 times the original price. How much money will the participants manage to keep?"
403,ORANGE MARMALADE,,,Seokwoo,,,,,,,,Seokwoo,romance,9.67,129098106,5100750,0.04,1034195,0.09,People are no longer afraid of vampires but that doesn't stop humans from discriminating against them. Can Mari Baek hide her identity when she falls in love with a popular boy who hates vampires?
404,My ID is Gangnam Beauty!,,,Maenggi Ki,,,,,,,,Maenggi Ki,drama,9.43,15010051,1584028,0.106,360619,0.012,"A new school, new friends, new romance, and a new face?! After going through major plastic surgery, freshman Mirae is ready for a fresh start. At her university, she becomes recognized as a pretty yet somewhat unnatural “Gangnam beauty.” However, all Mirae wants is to have a normal campus life without being judged by her looks. Will she be able to adjust well to the new environment and find the courage to live the life of her dreams?"
405,Nevertheless,,,Jeongseo,,,,,,,,Jeongseo,romance,9.32,16560752,1254641,0.076,575700,0.012,"What happens when a girl who wants to date but doesn't believe in love meets a guy who likes to flirt but thinks relationships are a drag? That's how it is for Nabi and Jae-eon, two art students who meet in college and develop a strong connection -- inspired by butterflies. As they get to know each other and their relationship progresses, they'll face the early stages of attraction and the ups and downs of dating. This story will make you long to be in a relationship -- even when you know it won't be easy."
406,Odd Girl Out,,,Morangji,,,,,,,,Morangji,drama,9.83,205283404,24029822,0.117,1002073,0.157,"After a successful winter break makeover, Nari is finally ready for her high school debut. But somehow, she ends up friends with the three prettiest girls in school! Follow Nari as she tries to navigate her brand new high school life surrounded by beauties."
407,The Girl Who Sees Smells,,,Maanchwee,,,,,,,,Maanchwee,fantasy,9.34,4700000,676474,0.144,153456,0.004,"Now a major (K-Drama) adaptation.
After Sae-ah loses her parents to arson, the accident leaves her with the ability to see smells. Another fire puts her in the path of police officer Pyeongan Kim. Though he doesn’t believe in her ability at first, the two team up to solve cases, and he quickly realizes the power Sae-ah holds. Although her ability helps her solve all kinds of crimes, she’s yet to solve the biggest mystery of them all: who killed her parents?"
408,A Man's Man,,,Dogado,,,,,,,,"Dogado, Ha Neulso, Lucas",drama,9.82,11054652,1364826,0.123,137431,0.009,"Yuhyeon becomes the youngest CEO of Hansung, a successful electronics company built on toxic work culture, but nobody he cares about is there to celebrate with him. After a night of drinking and wondering if he could change the past, he wakes up the next morning, 20 years younger at the beginning of his career. Armed with the experience and insights that made him CEO, Yuhyeon begins to revisit broken relationships and battle the enablers of Hansung's cut-throat work environment. But he does not yet know how changing the past will affect his future..."
409,Hell is Other People,,,Yong-Ki Kim,,,,,,,,Yong-Ki Kim,thriller,9.56,8545951,860564,0.101,210663,0.007,"Now a major adaptation on streaming.
Jongu Yun is a young man in his 20s who moves to Seoul and rents a cheap room in a run-down building because he is low on money. The place is dilapidated and the residents are creepy, but Jongu decides to stay until he has enough money to move elsewhere. However, when mysterious events occur, Jongu realizes that the residents may be more suspicious than they seemed."
410,The Girl Downstairs (Doona!),,,MIN SONGA,,,,,,,,MIN SONGA,romance,9.41,43541389,4106335,0.094,655611,0.033,"When Joon moves into his new apartment on his first day of college, he wasn't expecting beautiful ex-celebrity Doona (Duna) to be living downstairs. Joon tries to avoid her at first, but finds himself growing more and more curious about her mysterious life."
411,Lookism,,,Taejun Pak,,,,,,,,Taejun Pak,drama,9.78,940964078,55944641,0.059,3569380,0.673,"Daniel is an unattractive loner who wakes up in a different body. Now tall, handsome, and cooler than ever in his new form, Daniel aims to achieve everything he couldn't before. How far will he go to keep his body... and his secrets?"
412,Marry My Husband,,,sungsojak / LICO,,,,,,,,"LICO, sungsojak",romance,9.65,168117087,10719984,0.064,2472873,0.122,"When Jiwon, a 37-year-old cancer patient, walks in on her husband and best friend, she realizes her whole life has been a lie. What’s worse, she dies a tragic death at the hands of her husband. Would things have been different if she had made different choices? Fortunately for Jiwon, she is given the chance to rewrite her fate when she is reincarnated as her younger self. This time, she vows to live a happy life. But first comes revenge. Her plan? To marry off her now former best friend to her lying, cheating husband."
413,Reborn Rich,,,JP / BG,8.6,"Business, Drama, Fantasy, Political","Corruption, Family, Family Conflict, Flashback To Past, Hatred, Office Setting, Power Struggle, Time Travel, Transmigration, Workplace Setting",31307,-0.214,"Lee Sung Min, Shin Hyun Bin, Song Joong Ki","Yoon Hyun Woo is a devoted, hard-working, and loyal secretary to the Soonyang chaebol family, which runs the lucrative Soonyang Group business empire, founded by Jin Yang Cheol. During a power struggle between Jin Yang Cheol's children for control of the empire, Hyun Woo is ruthlessly betrayed and killed under the orders of an unknown member of the chaebol family. Miraculously he wakes up as a kid inside the body of the youngest member of the family – Jin Do Jun.
After he realizes what has happened, Yoon Hyun Wo plots to use his new “identity” to formulate a hostile takeover of the group – and punish the people who killed him. But, will the cold-blooded and money-hungry CEO of Soonyang Group, one who firmly believes in right of primogeniture, be so easy to win over or conquer? Will Hyun Woo be able to wrest the reins from Jin Yang Cheol's children? And what role will be played in all this by a dogged public prosecutor named Seo Min Young, nicknamed “Soonyang Group Grim Reaper”?","BG, JANGABA, JP, SK",drama,9.69,15884465,1358611,0.086,271692,0.012,"Having started from the bottom and worked his way to the top, Hyeonwoo finds himself betrayed by the royal family of Soonyang Group, the largest corporation in South Korea, after providing 13 years of dedicated service. Just when he thinks all his efforts have been made in vain and prepares to embrace his death, he suddenly wakes up in the body of Dojun Jin, the youngest grandson to the founder and CEO of Soonyang, having traveled back in time. Having been granted this second chance, Hyeonwoo begins to lay the foundation for his revenge against his evil relatives."
414,Sixth Sense Kiss,,,Got W / Jocobong,,,,,,,,"Got W, Jocobong",romance,9.7,87236627,6586703,0.076,1136972,0.064,"Yesul Hong has a secret -- when she kisses someone, she can see flashes of their future. It's hard to believe she's ever met the right guy when she can't even see herself in their destiny. She doesn't get much use out of her ability until one day, when she accidentally kisses her evil boss, Minhu Cha, who's got a secret of his own. To her utter shock, she sees a vision of herselfâ€¦ in bed with him! As if that's not confusing enough, she shows up to work the next day to find out that her first love has been hired to work in her department. Will she be able to survive working with the man she wished had been her destiny and the man she's destined to be with?"
415,So I Married the Anti-Fan,,,,,,,,,,,"Eunjeong Kim, Jaerim",romance,9.44,39901582,3669080,0.092,818214,0.03,"How far would you go to take down the person you hate most? With no house, no job, and nothing left to lose, Geunyeong Lee is willing to risk it all to bring down the country's national treasure, Korean superstar Who Joon. But once the two really get to know each other, bringing him down suddenly becomes a lot harder. Will she be able to ruin him once and for all after she learns the truth about the man behind the popstar?"
416,When the Phone Rings,2024,,,,,,,,,,,,,,,,,,
417,Cinderella At 2AM,2024,,,,,,,,,,,,,,,,,,
418,History of Losers,,,,,,,,,,,,,,,,,,,
419,The Year We Turned 29,,,,,,,,,,,,,,,,,,,
420,The Witch,,,,,,,,,,,,,,,,,,,
421,Jung Nyeon,,,,,,,,,,,,,,,,,,,
422,Delightful Outcast,,,,,,,,,,,,,,,,,,,
423,Haesi's Shinru,,,,,,,,,,,,,,,,,,,
